<?xml version="1.0" encoding="UTF-8"?>
<project-private xmlns="http://www.netbeans.org/ns/project-private/1">
    <editor-bookmarks xmlns="http://www.netbeans.org/ns/editor-bookmarks/2" lastBookmarkId="0"/>
    <open-files xmlns="http://www.netbeans.org/ns/projectui-open-files/2">
        <group>
            <file>file:/opt/lampp/htdocs/PointGamma/css/perso.css</file>
            <file>file:/opt/lampp/htdocs/PointGamma/classes/User.php</file>
            <file>file:/opt/lampp/htdocs/PointGamma/test.php</file>
            <file>file:/opt/lampp/htdocs/PointGamma/content/content_bars.php</file>
            <file>file:/opt/lampp/htdocs/PointGamma/index.php</file>
        </group>
    </open-files>
</project-private>
